ID,coppaRisk
2807,0.25843513711161914
1742,0.7282545545019673
806,0.783714598230588
2635,0.2301028165366604
9047,0.14668106798413935
3048,0.11006793004816123
4691,0.8034270803222445
1346,0.5700856490743731
7045,0.10470553215513595
958,0.7677313313062029
331,0.2840353170895151
1680,0.412258860235211
7086,0.21386446490129118
1699,0.46323670646716064
8360,0.11314651660605146
5846,0.09057604875462849
8630,0.18407752965544324
8723,0.7904738266769797
6489,0.20025679540845234
8746,0.7068746892253984
7155,0.171149901644381
1253,0.5941512587269453
8529,0.8009929492188145
2154,0.1810902353733811
1643,0.7100535298353522
1543,0.7638828393734131
2560,0.11582283674134859
3083,0.3814744937272169
1631,0.2530793118981352
4456,0.14943128000826478
8915,0.6262899616517682
3411,0.1001280629527709
1062,0.4944016316327906
6219,0.11300422540166283
3621,0.09050837324573888
3874,0.21481846641059893
5246,0.12469832083884372
8130,0.19565084792881957
8776,0.8222117424444466
7012,0.5151490342970215
5252,0.7112156962382552
2577,0.5388895398922889
1138,0.7597262720686039
4404,0.6629845545974831
6996,0.21567224427267023
3530,0.6237239670763003
9679,0.3934343832720857
6482,0.10588304650737845
74,0.171179326860751
7103,0.12212319608515686
1483,0.4028745328845154
6244,0.22040276815174406
1184,0.7263134886020064
8362,0.11465842589518739
3503,0.14146341887546582
4665,0.8186142653684705
439,0.3688575882486367
733,0.672896177088302
1308,0.5603242899811275
286,0.8510275562019918
7345,0.2541636136207389
7662,0.07236150798572602
7063,0.15293290727112885
1492,0.19586557150921335
957,0.7214524134283187
963,0.3842555645962827
6499,0.1004570408503447
7530,0.08834847060124522
541,0.7308917349111614
3020,0.12759207861620644
8213,0.2034538663551861
72,0.1933068234022243
2427,0.23483212323102143
4038,0.45358356595766813
1781,0.14921121280159688
4085,0.10251268309446392
4390,0.135053509088428
9295,0.08937762023295809
6324,0.10462037634885049
4899,0.460291483945323
1359,0.47861936339321925
8024,0.11110056392402806
8558,0.7688431736385181
8709,0.8418947527142988
9947,0.7622224900869203
3864,0.11960172589581403
7484,0.7585819838789655
2251,0.5563029142401288
1920,0.8603401095281527
6142,0.1231111062200848
8969,0.14946721613386973
2782,0.12837903280551716
7214,0.2378430815980083
2397,0.15814081457518406
7631,0.14918532454193845
3086,0.09229089048374221
8316,0.10036307726239163
2528,0.29057800175904935
3286,0.07515796595333575
2901,0.760566437144932
956,0.7891052125782996
726,0.5892189121541017
3308,0.20360853571131324
9913,0.16781273084727233
6432,0.22161690536609976
2521,0.19072809772225646
4536,0.14650358951704434
6431,0.3767693537965519
419,0.3485736558859954
5206,0.263777920268718
5329,0.2516390672014411
9568,0.24438782681279703
1020,0.8273053028233254
8027,0.2256532979614963
7687,0.1799950098757494
5545,0.09327010590218009
6319,0.39105263396578055
9068,0.09890313792622751
5499,0.12172560841254919
4807,0.7696347007883886
7757,0.11762660720236201
3271,0.160271161272581
4166,0.2413170030387412
5230,0.16062811936665472
3689,0.11567651034359944
5288,0.2079442928558164
1917,0.773521923471962
1027,0.5769549739655506
3158,0.24463247759437992
8177,0.21338148115404593
3958,0.12342475561858321
3291,0.13066248655250182
6349,0.17023285600356697
7727,0.11020609653635134
4890,0.12395621156476332
8519,0.39588198582016587
9897,0.24995010273041351
5278,0.5434873510958016
4724,0.7827707020091398
3815,0.11614823180331871
7588,0.19854678421123528
1506,0.40963647322114044
8318,0.2565458317404093
5530,0.10421336603199559
1748,0.38011559969832853
152,0.4258409236758305
3423,0.21367720228422993
4629,0.1689057690624177
6390,0.11072241700074982
1566,0.6465502432155049
6716,0.13914772428478747
3603,0.6224037412658591
2806,0.5936736018968574
1037,0.7661272641771729
8627,0.760405896155511
155,0.16565180540920485
8193,0.1749737309091873
8259,0.8092681879927942
2837,0.1457840075229666
2069,0.868926288827268
529,0.24601458501693696
1493,0.41830606813221316
5773,0.17100042914816535
3949,0.1511618385084105
1805,0.7782612564954946
7151,0.10149376994337587
3237,0.20343949840533818
7902,0.10968583238195256
7865,0.10999664818295332
1565,0.8405653450172962
1904,0.6483584062255635
3792,0.08651600311586916
1151,0.701436665930274
9660,0.5405042086044344
4563,0.20664729202174054
2218,0.11879454458238431
9092,0.535927862567839
8336,0.10589653661438493
3157,0.7910025215963938
1795,0.6831265800208072
4644,0.15652771516509045
8001,0.100470839782961
7359,0.10416538251218901
7258,0.13109861710589749
8585,0.6356898200380026
2182,0.1279120492204931
9021,0.17610877308456951
6348,0.09504284944630825
9027,0.2175371983685634
1652,0.17677279378288274
9059,0.139319588908103
6774,0.08256252685703824
5026,0.7166942469122726
5919,0.093140006431372
5195,0.5682758246806588
3832,0.45485459975883163
7418,0.10456277291213059
4015,0.5732769277751598
1388,0.7709367919938805
4122,0.5514779785156002
5217,0.179442784128642
7906,0.11947263867101299
6742,0.6601448330698789
7574,0.16938597234667446
1404,0.5802718132374417
9531,0.19986209930080545
6866,0.10363887416017273
2158,0.09022499624349739
9256,0.16520370784680863
2130,0.8619643361690706
9852,0.4203790997854088
2581,0.14418672361434143
5095,0.36545928847802106
7837,0.09965346309980264
9912,0.7004100164854719
7827,0.0959181372786481
3382,0.15012240899172513
5551,0.10637379956226092
9875,0.1991610134709506
4491,0.2625795547840441
3720,0.22707280046244366
9909,0.364734352923504
1892,0.8563205636138547
9505,0.4883466659883694
4019,0.11080318288940051
8826,0.8326621473325249
3178,0.2505988116013578
9188,0.7186909126675334
4855,0.1283751327979367
420,0.26588795817340605
3270,0.35805353881959756
1725,0.8534856783586359
2815,0.6842305456162143
1850,0.899813138065394
7186,0.12040339803023953
7770,0.20575154418262037
378,0.5731004842128751
5498,0.5918919534423895
1409,0.19481603845798115
9685,0.15618214572219366
575,0.21009841739150611
8762,0.7823158629662131
3836,0.6357251254449013
7936,0.14815831759773385
7017,0.09277503601256992
2518,0.13962110930658617
7733,0.6561034130901957
2702,0.23931170165127938
8925,0.10853224973543647
8461,0.6208735660534584
4134,0.18640114913727093
6197,0.2339675944887304
5231,0.15175825266715898
2507,0.2830916092200551
2921,0.43346846384057497
7851,0.17966692514025387
4128,0.12894212800875074
519,0.31772546479402386
4964,0.14399308865826788
2818,0.12119844061620547
3441,0.7803837119753035
2488,0.1280521043903585
1382,0.5729286490421762
2583,0.4166299081337834
6631,0.1175118868086465
7112,0.22104253402225227
2018,0.8591100709865187
2505,0.21146644155053232
5149,0.12576437417675643
9814,0.12071583679138315
2243,0.11924438182282365
5953,0.0849667506365766
629,0.3043729411354668
3079,0.24967742660673264
3639,0.12419428058877889
7790,0.11443851985610319
6174,0.2141705845670739
8953,0.10970443310407674
6087,0.09786356497598499
9765,0.10384977677869837
3943,0.1420488382902747
4130,0.1788454345043877
2213,0.07260942686229745
8386,0.6971875940615225
8850,0.6081685718179882
1046,0.4034397919570287
7556,0.2843361079625149
4650,0.6157203124829436
7170,0.1778763090550774
8751,0.7357037229460319
5889,0.15112092880126016
3823,0.08652365330618275
2160,0.6326182463013914
6426,0.13487409988437477
9475,0.09552496779172309
4245,0.2766229103114774
9726,0.4356587348768868
3367,0.15322156851124508
769,0.8080845763535102
7456,0.1443678645116824
2312,0.1429484769067221
5245,0.10690947021587627
3348,0.5801305704195419
7720,0.11539035264424537
8459,0.7511961711214175
1257,0.825491355229565
2331,0.7913527886859578
1185,0.8297057847021141
5840,0.10699962199636388
2828,0.23220276270423953
1853,0.5190783505246908
5988,0.1357789401110645
5973,0.22894952722626483
9271,0.14248094705019154
3599,0.21199864320107675
6457,0.12191016716367081
930,0.17980812876889318
4633,0.2690124191004261
8192,0.10845883034963483
8149,0.2166263600605582
6723,0.7377041976858456
9659,0.12734499527756668
1538,0.43024190072163315
5915,0.10913242663861504
3571,0.22150716935088216
4049,0.09221369018665068
3672,0.7541903633321021
2257,0.10851812568881217
4744,0.1829073648327259
8708,0.7125212281477457
8162,0.3296245873813131
9327,0.09426585645187432
9896,0.19850167168366678
7340,0.17284830573137766
8743,0.7875899613134936
1016,0.5574958507300987
8717,0.7191965955230575
6767,0.10868522584708656
5500,0.13236802387355548
8237,0.0988169325684868
9012,0.12020702114684473
7828,0.2672290310422415
6025,0.12702186076056593
5608,0.10695700183370914
6993,0.10479656216621581
6301,0.09634974441239644
6615,0.11971089656369546
7427,0.11618664398005706
979,0.2158124447567097
3416,0.11229114864348218
9977,0.5838378115815228
9706,0.19173338337985157
4920,0.37714824747425907
9582,0.36948282677772215
5933,0.16251884214082993
4672,0.2130468004908846
716,0.7463355039467482
3940,0.1391945513271921
6893,0.24343171657156176
3092,0.6839471242595867
2919,0.12993191928287018
6544,0.18167185107417294
7613,0.10059038815866332
2131,0.8310676861060508
1790,0.7005607887919302
2304,0.36175353291985024
6530,0.14051019489017205
5839,0.11596760762470823
13,0.7642060580200769
353,0.20451128934479776
6704,0.10283792012606235
4774,0.611601783022226
6370,0.08788822785766719
2639,0.07215250743627757
5297,0.1144368737709801
6396,0.4041523677420645
1377,0.646131628530592
5058,0.12156099135667642
4740,0.3260868768844391
881,0.6890288232941011
7102,0.07362375563035867
2437,0.6658287789007438
2598,0.1156500990247811
5249,0.11145041816034437
5548,0.09956502586202093
5331,0.21565846511443976
4796,0.7583593948587255
8168,0.10680207244975742
2256,0.7242385437355591
2025,0.7550502922993336
2281,0.6167009941718083
9980,0.5454350377983462
2954,0.444597586473096
6853,0.25012303085709914
9684,0.4224388680386945
1885,0.8253078248105072
2171,0.24237054377101488
1831,0.9009537359566365
1077,0.421556226774199
9591,0.19755290020170374
8032,0.10008953648722292
6394,0.13055402743607566
7310,0.1101307351432866
8101,0.2599841360310839
2,0.2133046219171978
6104,0.13350564865492126
380,0.2979142761639548
6408,0.15546063269924398
9719,0.10879613335584726
6137,0.08772450872549267
7587,0.08425609839324993
7866,0.12551276532490943
6328,0.20649581556474375
7756,0.20045824439733664
7655,0.1910781786576396
212,0.23674023111649753
8596,0.7043405296845906
9887,0.17280579270863106
6682,0.22325891639153228
4176,0.5350882473593517
700,0.7876542240183936
6543,0.13160462300062784
6229,0.10844624274104847
7559,0.20914234037572182
2015,0.7217621656051776
2493,0.11839247130576415
5655,0.09015903907644235
6931,0.6712698450584741
7868,0.08119635899218257
7759,0.4069136443378498
3806,0.3602574789274091
6731,0.6308569678344085
2529,0.1074588466908441
3400,0.2602381943985405
654,0.7930037895404243
1792,0.7528166067222367
5977,0.2280790518083879
3343,0.16480013213211037
2477,0.6625427569260481
3790,0.5291824980690633
4634,0.23726826679160473
1058,0.7902357767927884
1820,0.8654096071184717
250,0.18049270358582825
1727,0.8297559325455177
7900,0.10500181790292483
4499,0.1469867102093821
9118,0.16366307175405992
5380,0.09434674781349082
6083,0.1903529563732256
6063,0.13339272281901315
6519,0.11881432690609656
2482,0.1432731978418329
3166,0.48900744050689693
3933,0.13524149593902055
66,0.3316819564066457
8593,0.6267604201848141
5171,0.1931745691634062
9479,0.6632202543188495
6243,0.15019555173977384
5665,0.10132799557181095
2016,0.8216068717359871
2556,0.7557034780116426
6325,0.1556513037725401
5411,0.15978405333437296
7420,0.13088952774134927
8427,0.7640646274624185
5020,0.13485022674854255
1066,0.7282371979077914
7396,0.17994645809307755
6955,0.0873259231292131
2949,0.09774259525252413
5039,0.38439688447513287
8436,0.6962497712616028
2396,0.15391242125939877
5068,0.23714155834405867
3838,0.15855354261719865
7809,0.21043914223452784
3749,0.11743598620852963
8668,0.5429991864790824
1789,0.8563968289791181
8913,0.14751271393224394
4163,0.14959970868610536
1561,0.3944939003826431
1649,0.30189420729004146
9941,0.15440161919170575
6815,0.22247324761683332
9069,0.224274844010793
4087,0.11841738104210628
6491,0.17782373572182467
9518,0.6283188689537105
3501,0.08576131766403207
8911,0.20924742928971365
6675,0.12467540586333456
3422,0.09689566124457986
7661,0.12133808588263387
2032,0.757931535490343
2209,0.6796090307291656
1819,0.7588962211804632
9752,0.13964958671601757
891,0.5966020190305162
4673,0.45531606833077604
810,0.36007211652154797
9717,0.5478636855705508
4987,0.36718530876415006
1201,0.2533686845014243
3397,0.09987777653215799
1848,0.772277681287465
8905,0.28409496390304734
326,0.8270781998402067
8069,0.1208459026193799
2988,0.11036080331949988
5862,0.39367258473197847
6749,0.11000777725379428
2045,0.7776757073935102
424,0.1879679395151012
1694,0.4439110524261109
6823,0.08357729620457957
2941,0.1028645729162153
7417,0.146783767732914
8728,0.3743262838617635
624,0.34460787907831103
205,0.2789936421982757
1009,0.6262290582356987
1239,0.6288103603363854
9689,0.2305633292877104
6016,0.10298439188401536
2712,0.11184092571379933
1627,0.23936256549717097
3487,0.5840237480182253
7991,0.10675360007301528
4194,0.09201970190219692
3544,0.07857636286335576
3194,0.5309835780170793
3827,0.125016240650485
8497,0.7906469557124163
4089,0.09689275164870988
6563,0.1892367793579357
2986,0.16211804470589503
2872,0.6982265254295769
8025,0.5854618122005293
4792,0.7263991732431763
3406,0.10637824742387245
3187,0.1342223261058952
1089,0.46519471097601744
2895,0.2754696904792412
9946,0.3870453839658483
5957,0.18290240578679784
4375,0.606856560791174
4747,0.28738110430273156
2105,0.7998634859859323
2774,0.09497857158346201
1053,0.7733254407540006
1603,0.34368814826955996
7338,0.08548505597524206
4483,0.1460454541438181
1844,0.8315157094667641
7503,0.45534920869861306
2874,0.748499450080656
8603,0.5957959827370932
8369,0.16193273852105897
3757,0.08664679495343491
7760,0.3770990043249197
2210,0.13101094954141262
9039,0.16174184598125274
4923,0.21889584236979873
409,0.8206439269156074
3604,0.42902312411685867
2645,0.09380958334200917
7930,0.1076290816711168
6789,0.7431153083185763
77,0.12225439511506658
4906,0.6452682912653225
1743,0.31356431836318965
5172,0.2028243303583861
8030,0.13048226164832574
666,0.8405754912648132
6435,0.11499659009353651
6940,0.11980782417295122
5552,0.4807539764530148
4537,0.23772936274696704
7061,0.16133682914636283
7092,0.11304126764926511
4891,0.13418299470853826
2726,0.14202889593964022
9965,0.7575354170966367
3535,0.22970680765349702
6220,0.11323276166251034
3299,0.2504158024970366
2891,0.10355851792325088
5924,0.1062428835245885
3676,0.1286731001502607
3504,0.4969837674717066
3624,0.08575499488038316
1674,0.7050376901704455
4968,0.09787016540660676
8763,0.805374293348538
9861,0.11389870463692259
2367,0.14129917435287528
4257,0.13541625554488024
7576,0.14127154115097362
4370,0.6561949578599459
752,0.826541572791441
535,0.1124520976648617
4758,0.7231400103855127
2650,0.07252479976182902
9695,0.12585597875743157
4045,0.4675128434410921
3011,0.12078207630944499
355,0.8078671885335097
6926,0.21448969472995869
1556,0.37823903241488266
4223,0.10255001988914966
2922,0.33882938299159576
1512,0.8333076281365468
9546,0.23767815349483415
4990,0.4041675271008034
6803,0.1668363211214811
1372,0.7512794875346361
7445,0.07287423047383922
554,0.2793578065427061
4777,0.2993735263377514
299,0.16431756481016302
7594,0.4675586884446051
6506,0.12823863990139822
8885,0.17546690173704985
7281,0.06471929201360956
9881,0.4338906595087087
6224,0.2101037399445861
6821,0.5855228518825343
6916,0.8502953501571573
1042,0.7955195332624913
4465,0.7969371986387
2594,0.6647544603594979
1918,0.7970097038328275
8577,0.5858469958044392
5897,0.15227792999526193
6867,0.18174805482484965
1268,0.3702497271446493
2447,0.5461627478375198
801,0.46769283050224936
1985,0.8332532122024552
6782,0.5743276823034323
8216,0.11447695269701638
7313,0.13765426521105312
7899,0.23244983924840337
3208,0.410785411158358
4646,0.6961353441515433
4300,0.22124330679990933
528,0.36283773779483225
8223,0.11965625177567879
728,0.7434214541942961
4666,0.18906386521629992
9276,0.4631419693194975
9701,0.5143525635158227
2416,0.1966284464996621
5628,0.4584450855221023
8827,0.798624840974175
9818,0.1032737453008763
1796,0.7945000071692174
1321,0.8523219894251999
5300,0.1426560307338766
2490,0.07062258943213139
6680,0.14715898115605575
9589,0.1457218364341294
6466,0.10943142705794646
3119,0.1492272783111899
4706,0.3449527898922146
4635,0.23182680904465577
5799,0.1411207588702569
2694,0.10212306113899286
4149,0.7099286918295938
1497,0.2985744123249956
608,0.6731838789033853
9197,0.1585640054864947
1650,0.32863085403801295
2616,0.660487804635642
8399,0.7427298683891306
7754,0.5579230862841463
1369,0.23669793871633837
5790,0.18854910359937446
5089,0.2355150177646876
3278,0.231304214907422
3774,0.38978306097837256
7364,0.17161452079735193
4942,0.1839955427879745
4887,0.8309334905673388
1446,0.16243049786123537
8265,0.10911664678244822
432,0.34462351803312824
7732,0.0983451780255302
1293,0.6382155024731149
6433,0.11199217363634993
3670,0.10593541161845065
6418,0.23341059717681287
3215,0.12313590353177567
2135,0.6944504935785564
8551,0.7813221852224026
7738,0.13699348925323265
3923,0.45968428222890406
4944,0.6600225205221104
2890,0.7029688788738606
8712,0.8212956751080835
6637,0.20649874151674083
8611,0.6547090687542614
9083,0.13484639769874468
8105,0.22482786799424032
4590,0.2886911503359932
5,0.47901161536083503
4869,0.08893968288756447
2374,0.3654476594183074
8021,0.06993151969730053
5814,0.10274260411293795
3112,0.2343056409216168
8532,0.4385864106270125
9057,0.08178582080827507
7482,0.2506504309520912
1090,0.8580856463743908
527,0.20306653649775552
5503,0.07665353416730093
1722,0.4377638439924222
6552,0.12334598294155609
2315,0.11692876413881062
5314,0.2839442536926707
2342,0.7803605368884977
5937,0.1717899941117027
1287,0.8437676264754967
6841,0.1163895218156718
1,0.7846633855583187
4008,0.1867164909505821
6569,0.7701247832647907
7957,0.09869246886970331
3740,0.42724127763231373
1355,0.8537108973051641
4315,0.7618774125665537
7686,0.11337945625792033
2769,0.34786750780693515
669,0.7623909760387536
4070,0.06708056825999123
377,0.2745510564439587
113,0.43824724877500537
2424,0.3337485638446222
7435,0.5295726498583546
2155,0.11793994197045946
4341,0.1469269824115225
2479,0.2340040127531305
414,0.3235717558533208
3108,0.22938085953829107
3370,0.18612045310657632
3128,0.13050092990429085
9862,0.09006026441143244
2659,0.8155891719945587
4793,0.1558899077768626
1353,0.8733368766487916
4377,0.5635753500348328
5091,0.24087047507201748
3957,0.5685670603356306
9359,0.09016956338656344
3947,0.13758285673182696
5526,0.10467098895357295
8731,0.45155269914181656
4160,0.16660872418997558
7789,0.17455135701009403
615,0.18761289307440332
730,0.30247527798810186
5128,0.10252020284691267
9633,0.5420134551758607
8563,0.6032420476184954
4430,0.10973347721998089
5563,0.11889299295760211
8034,0.12420339035159092
4091,0.16640508256333642
674,0.8417394184808829
8530,0.818628538425635
8397,0.2706183288335117
1166,0.7411934271684091
3980,0.5293555741457323
636,0.7877474110354561
5490,0.6064829589068741
5416,0.10723340562317353
3180,0.25323408209949755
4259,0.6038127892193245
2456,0.5775973786168814
8252,0.17474868208374605
178,0.22818707319777776
7049,0.3220206656132495
6719,0.1562462174567647
7184,0.18163879343876216
1025,0.16820243336855392
2494,0.22856167391533008
4056,0.22523811133186525
6937,0.11150154579135897
560,0.7436694620119211
2555,0.11945253628477305
6258,0.12842981014275048
8211,0.08876051646369697
3071,0.557236431325417
8345,0.1406767858988115
4349,0.21736776460367782
766,0.773869023823711
8571,0.6650099853028664
1916,0.8081915956134694
469,0.16518086549324756
1049,0.3285502419062188
4571,0.1955978510817985
9325,0.35591022540596606
6974,0.1347643815224491
6047,0.6798950612129514
7549,0.1007862697708874
762,0.7975964380099995
6611,0.14748006760640175
7074,0.13821489465806625
5262,0.6964150664187712
9484,0.15804343294503412
1083,0.39156459141873085
2497,0.14675449207065244
94,0.31235822561852455
8862,0.2772128961573534
6214,0.25586760907082096
8325,0.344108738060722
517,0.40582960111157695
2394,0.14584929407000993
9976,0.4195423396206746
873,0.4660071215345464
6752,0.13337417707926516
1845,0.831820586140303
530,0.1905754180806363
4866,0.21281862655365177
8061,0.672896684338921
4710,0.7629232304655815
2590,0.7640677674252085
589,0.5364961616708219
7451,0.2195672049607907
1932,0.4271949929592758
2783,0.0731579139679446
706,0.6931748782360967
5063,0.20679037486884005
6072,0.11648657535405287
6066,0.1166211487459547
9284,0.16776076933462047
8781,0.840300303036417
8641,0.7851310452305382
5253,0.08201511878924359
7010,0.2002723362343058
7637,0.5796756515502892
489,0.27802460771207627
7324,0.08083424728117694
9321,0.16361538130594167
3004,0.36198284852746826
5420,0.1223219385422206
7371,0.10278052659197512
4101,0.13591510630693282
6008,0.6303162981500494
5117,0.15987397675339216
1467,0.7293168649634807
8095,0.16756960122943887
3714,0.6319516533843399
2637,0.5400086966564923
2107,0.8016476398894083
870,0.7885390413106953
703,0.8404105816555808
1305,0.8467125787023181
4928,0.6844034979569775
6369,0.09869325407915364
3452,0.12323814354215279
2958,0.6598725920299189
4360,0.10726448231126487
105,0.8126656986264638
407,0.39430369870449283
8131,0.09956364935760888
6179,0.5571185947703781
2855,0.08444009921068109
2640,0.24842511085819263
714,0.7876118593044522
3899,0.16830579044737215
1784,0.7449059800300258
3679,0.12025700243803428
5703,0.7862463446859499
6398,0.7105370528195021
1710,0.4723255809526934
1064,0.882461190251552
3866,0.19543773144591234
3891,0.48990294839635035
8390,0.21130564314362044
5423,0.14487472529244
8875,0.09179364946848734
9784,0.10318412939671194
2012,0.3474872609930486
8754,0.19090868390286475
9772,0.12552062506785922
5286,0.2301962911840373
2584,0.23959364777638367
3007,0.14440358525497532
5767,0.1729454487622355
9421,0.11383714722011347
8333,0.4467717662644325
9558,0.12462547384069032
6249,0.2458341308894076
3627,0.21341817331366772
9225,0.7583991331581108
5605,0.08398944410980076
8994,0.26285663233767437
4028,0.14783245171206824
9787,0.6114949721582031
3185,0.6154686745412987
1934,0.7462301081642768
1926,0.8564469774177805
4461,0.14343840762458077
3385,0.15270979319663336
6360,0.12430722895207585
5373,0.4557095407225108
4195,0.7241629595567877
4120,0.0911852450802312
5650,0.5284895992196091
9705,0.18111792507779884
2093,0.7732411646080722
3903,0.08121460719068976
852,0.44852608190756527
4110,0.10754008596465732
4690,0.611697550473971
2151,0.10371896424574006
5183,0.14586022251811592
739,0.7008944377373256
7835,0.10304767435564582
9791,0.4871403817922367
8841,0.4948198161524786
6818,0.5014847293909704
4044,0.17341528289521668
9372,0.5176082009776217
9299,0.11791855499535875
3896,0.1730704879926881
410,0.2204196888180774
3738,0.3888610461976848
8909,0.14742660575990046
3908,0.697288366435799
6364,0.5710576030365672
6659,0.10595550192751198
3009,0.36010489090347675
4203,0.4007008831209524
1771,0.48513752760677864
9762,0.07031555629386438
9766,0.4663784395740197
8859,0.12620427792419123
8442,0.5339326929927859
9428,0.6839361665127384
1624,0.19655927589983255
5182,0.09720067783511069
8310,0.45940379752384647
1663,0.7371426433600421
1168,0.7857788881418024
9694,0.5936223850116729
9824,0.12046238604760792
473,0.3190385566771526
1169,0.8330602540412461
9906,0.10357109020327142
6725,0.7197875987573856
8791,0.6086623560559751
7183,0.1648484794968868
3383,0.7006578918784123
3462,0.15405617929050608
8639,0.7774947617270896
217,0.2562781032412695
7488,0.30437803021710796
5427,0.7418342489102624
7428,0.2053696219510307
5990,0.18413769009820333
1763,0.6499142558485169
8834,0.7367800133570401
9530,0.1554772922184936
3358,0.5822492673806386
27,0.14762501568990086
8253,0.5802764738514481
321,0.4510211941455526
5868,0.19568469982066214
1119,0.74827553821001
3626,0.6634286310455015
7806,0.14997042334931246
6633,0.4765005798964323
459,0.09879961259887457
3361,0.5282622998571034
4484,0.08086883325399248
9607,0.6032605199776587
2652,0.7952853640475448
9757,0.3072468467046729
6977,0.10398863871939296
4172,0.1265620351235218
3747,0.08542854136526182
9398,0.11525461244867946
6051,0.166059344132109
2322,0.2763439905156544
1161,0.7135542416062353
829,0.3043220784357525
634,0.26504855145196315
8889,0.3226257103231778
8484,0.7685588183049454
4372,0.6040388733127624
7774,0.12314670083144755
3240,0.09208746210184257
3044,0.15796624510280358
1855,0.8433963505433311
5130,0.4240009690413412
8405,0.8640096571592291
9739,0.2247133207070267
2334,0.07777576929956832
8858,0.0767982548079101
3255,0.14473101957961657
6712,0.22396558050435603
2926,0.08557532327763186
4736,0.6955421164680476
9269,0.6827211718083812
820,0.6691963146047164
7374,0.19628809664756874
3964,0.6831833810186183
1162,0.8236165918114857
5684,0.209821270818962
7078,0.17300300583724695
557,0.32474189478012977
7491,0.07883197827436508
317,0.769517955125452
8783,0.7909006981915907
9878,0.11578256293388055
551,0.21569409349416716
1793,0.18357043890745647
929,0.4925251945740061
1833,0.8992721923616926
4112,0.4032275956916892
3051,0.5692475333241502
5619,0.7273227498749462
1901,0.6739675987250386
3177,0.39149239195781926
422,0.8247166117253506
7357,0.14151298197616274
6118,0.26020325685598045
8960,0.32198183671266256
6043,0.4378391137204083
8581,0.6982146706622134
9340,0.13809508953776548
3405,0.1849279624059914
2487,0.18615312815185872
7901,0.19906817087343523
9905,0.12199513656360723
3164,0.1502015877141696
1092,0.8347429618086237
6888,0.10411989502061544
8608,0.595392647364196
259,0.6721954330013205
3739,0.5548110991846479
8017,0.3981703906064663
4323,0.6668856786365865
3264,0.13657398842486654
2172,0.6127210622996996
924,0.27929114737102967
7643,0.15931875117980834
8615,0.6108879874264276
5762,0.11707759659242847
8132,0.11638274676359611
5886,0.23932860770742773
5744,0.12142164222816773
1348,0.7488669861682314
1485,0.7577342593999314
4433,0.26292568007097894
552,0.48705413777598167
895,0.42043345179926017
9502,0.4363297622612914
2951,0.1266247472553442
9756,0.10868465609752978
5215,0.1564922562071402
3637,0.14925794295807474
8642,0.8233576848926323
7761,0.19342496316877875
6529,0.12063677502406378
309,0.11550605755038543
8136,0.7225754092779927
3425,0.14701637128259404
1368,0.21666125819639542
2049,0.7622338100439183
342,0.16542217869622813
1107,0.8366440703132523
9742,0.4508765284146117
2717,0.11983395205586438
1981,0.864463741626807
9067,0.6853019431601554
1896,0.6077227378629283
2197,0.12949344992354003
6605,0.14452373644534297
4222,0.15683097636323654
5150,0.13657641855220504
5199,0.07061858477855616
6924,0.31507845764868786
7020,0.0726336764389996
4589,0.2782386830810031
4626,0.23389383050638118
5323,0.7330220775536438
148,0.40000165482962485
53,0.4367670366154087
2088,0.8088994939274426
9303,0.16431553882773217
5855,0.1803718739556731
7219,0.06937390298501364
387,0.8233162299036063
5158,0.1391164671184464
5316,0.7450109286684401
4582,0.5806477448036045
8275,0.0908017855110868
11,0.45517412736452223
7538,0.24976656928137528
6444,0.10710644395683694
1569,0.6744855065181431
2501,0.09975017145419293
8713,0.3777262363076226
5120,0.6763052771160472
7469,0.08971103663412879
6471,0.16429845479045938
9243,0.6279073129995582
3841,0.10912876653090837
3073,0.16063384208832243
2433,0.43379334765651717
1830,0.8750035797035722
6413,0.12709724164434763
1542,0.3342159034135085
481,0.26616201406435785
1597,0.8037370982866762
240,0.4904382891183856
3476,0.09174548863949718
1103,0.8630304509189723
6630,0.16093996503640964
332,0.5025785187211953
9843,0.15599174903406243
7213,0.35885868133191257
2400,0.7131217183740152
3540,0.1556377774547386
4902,0.12931247825842204
5401,0.0908883939500803
3277,0.14066203230432306
5479,0.22393109266609645
732,0.1954180291247809
9780,0.13633205455357683
1087,0.31938101861170204
4808,0.13276983238275983
1223,0.5667391620797178
2496,0.44728686075812285
1389,0.7605555215313526
6550,0.24208969079872972
5525,0.13507262873109074
3588,0.08759927225080802
8796,0.8140799505901247
2444,0.12272445742570778
9184,0.33245766767357726
1335,0.2790793539076888
2119,0.8044828149249352
5334,0.24317487067541693
8055,0.7537366309766057
8600,0.7948824975183294
2380,0.1282397984378194
9471,0.2083257964036148
5625,0.1356247792266183
8401,0.7099154323637761
7384,0.09308615313228233
5687,0.19094720901692788
3648,0.14062466304267585
6207,0.09923160445974846
5184,0.18988469080990375
3633,0.5651835492268049
2948,0.11555202488019314
6730,0.1027057163103763
8007,0.08695918600424893
7144,0.07806251950532134
4399,0.15269553081997694
5966,0.12687868331938537
5734,0.0930550622766159
8022,0.07345617968314014
2848,0.3145041759113408
9028,0.15395837639054696
6760,0.43374455058251365
1393,0.760970933454471
1688,0.8398357036224903
5391,0.15878709855430712
2880,0.12051783829073133
3451,0.7360566718835125
3728,0.09555187665087811
2627,0.15963938640032102
995,0.4979364284183847
1634,0.41605991987341384
7413,0.778131095382575
3121,0.06950923201765911
819,0.3637851396710456
2285,0.0958993458987462
6150,0.10662170771937737
7124,0.1976654851442374
2360,0.10763125111344457
3883,0.11693997128156967
5282,0.13052604146455316
1419,0.410737237489649
390,0.4201027207473916
1427,0.2523820965256482
3279,0.15772349132052418
8800,0.7314461249382178
2603,0.5936299627514602
1767,0.7739997357398347
9506,0.45128928713430244
9925,0.7352901711390414
3338,0.6875557576425133
131,0.08141439144124059
9911,0.12092083969800542
1995,0.8392279485069276
4978,0.11768023126739331
3686,0.1458227174752439
228,0.33474460163635045
8102,0.3481665746073431
2936,0.13506681550164948
1332,0.7673938521513662
2443,0.1984188461796873
7087,0.12809825781951767
7351,0.13981508039003282
5256,0.10849265837137824
9453,0.1888952533592733
9422,0.3957306601774374
2666,0.32740227035502667
7872,0.08930007972198034
1628,0.15198374785611335
981,0.7898142355460901
4041,0.5699362462578188
643,0.8679743817915005
8282,0.17469784720075984
898,0.651909992385584
162,0.6606727739725722
1111,0.8213324024606685
8559,0.6902651015130901
7561,0.2482005497444678
6238,0.18721280694717202
7522,0.1122049467032839
8688,0.625845271298831
8525,0.5679684680972626
9334,0.34019052240799247
917,0.7339716613781659
442,0.19797231507556104
9033,0.7677012740030014
2348,0.12026985102896827
356,0.6707949460543923
9167,0.19575825233399513
8678,0.7935517913752831
204,0.27756302173461966
6201,0.20759826993268254
4290,0.09743660653172698
471,0.23538234321779758
6943,0.16974852793281336
659,0.6970282227543171
9687,0.3549009512181644
3955,0.2084256534837959
5679,0.11291225211701618
1987,0.8395596470663459
9052,0.7795214682337543
4406,0.24785835372849604
5016,0.20147802604331178
5597,0.11447041302569223
9373,0.20043170150474054
4031,0.10330731106286234
9950,0.7747328452121858
406,0.25187939790037295
5696,0.10494975030499926
4301,0.12546045269900216
222,0.6365250405255403
2523,0.18500001458673318
9521,0.11695686352152695
5896,0.21145817240918474
4173,0.5791390101844117
6886,0.09748563828767864
3247,0.31831839628172764
5853,0.20542725613506396
8064,0.0669477646641264
9438,0.11284260566208909
7887,0.12165161275378068
1342,0.1802233729410903
1370,0.8411570755986486
1091,0.6065140521775405
64,0.22162120937739815
5179,0.8436986599482882
8664,0.8209091796827839
7047,0.12837086311124807
3183,0.3175477969038519
8460,0.8058306775395033
1086,0.1898985476483721
4843,0.11419005805084313
4991,0.15196533112228913
140,0.27633168319169316
6007,0.20110605124497927
1228,0.7738515265108883
7391,0.13912554699590027
8258,0.5518619399010275
7246,0.08899400628065433
3221,0.2784872086823644
7316,0.1556647830518406
186,0.17365966341494934
4171,0.1856336832062073
1626,0.19322652533170018
3663,0.22960184802296807
3680,0.1952694338622167
4943,0.22707690080713647
3953,0.10004795749674589
5586,0.09326787917360208
6253,0.10693887697567715
7583,0.1474524734766735
2992,0.12899232180175535
4837,0.14575446937566158
3741,0.14911237131327168
9015,0.14580481751700441
1210,0.6125110113011332
3546,0.12665343247466013
169,0.2654768099384202
7782,0.1829553809361001
4016,0.13827728916468296
8190,0.11317430646955584
5781,0.16310602632994206
9241,0.32480953887195074
8220,0.19701450844005242
3602,0.12130849384301919
2495,0.5235140794955583
3848,0.7651581997112499
2553,0.3158420205464838
9597,0.5531272508156678
4480,0.10961675933627388
2364,0.12228365067341906
507,0.8304754948474621
3142,0.13304662651564386
853,0.3433069015689428
8509,0.3027835241798505
1598,0.8000500809268324
5562,0.5735014035868313
2595,0.30670320646467364
4261,0.8047954502397661
3129,0.08748894095825888
2474,0.16056668747264402
8121,0.10413523022916345
831,0.7877596061025005
5795,0.18578491465365174
4470,0.1395070932570187
5280,0.11326801894803645
6525,0.8095813557484038
7297,0.23921372132636756
953,0.750858622258965
3322,0.17592036201095063
5738,0.21579093710455677
7960,0.12932088728357655
5269,0.11089482190664426
1054,0.6505803180965272
4026,0.5913117288383279
3557,0.6194800241683879
7973,0.6350080988725237
7185,0.13649485136471573
3318,0.11882755220265111
3475,0.15483846284224506
4658,0.24772781901395197
496,0.4260705891807554
4295,0.713837224827954
3408,0.11334114545680156
239,0.7242425386184315
8273,0.10989339249246698
7751,0.13535200171467632
344,0.2185214033613089
2937,0.10752572476656425
6105,0.1299850118877666
1782,0.23102316900640543
7328,0.15607317722234856
7169,0.7394480279599527
875,0.37799881979380934
4655,0.7434555039927258
1031,0.7889267790934434
4715,0.40966707956876414
2163,0.09643803175182675
3015,0.1353162691120287
3973,0.14008390280735736
4526,0.2620641742137342
8974,0.25999095184868665
7339,0.23272182365555308
5669,0.2830742674063337
7773,0.11997233844914966
1687,0.266966530134093
672,0.7157481762285038
8552,0.7034864122460115
4330,0.16002800268422254
7736,0.17351165142128883
1430,0.29920759048495377
2651,0.2751917539357611
1021,0.7405089939371696
3345,0.09068443703190561
5235,0.1685287706450861
2300,0.5698199605079285
6814,0.08437423508035113
8052,0.11794659096217866
534,0.8204708480877384
3046,0.07447421273922306
571,0.8155390612071964
5629,0.4306790472191768
7654,0.09965886174587739
4297,0.12591001153826037
5636,0.13197060342985328
2103,0.760440532086882
5351,0.21490883301673736
6306,0.5741359789869805
2736,0.10601985041610112
3594,0.6490037597384591
988,0.4023397069937832
871,0.7880372081735982
3366,0.6102801453513034
8631,0.46382662069544395
6015,0.514900035646177
2647,0.29985615734342047
1587,0.847660941768178
7259,0.12619268909902367
6122,0.1807364959927118
7539,0.4031720491922039
9882,0.07303665946432175
4347,0.1779457366575527
4337,0.23936758853473084
9874,0.4001434729882411
3493,0.12488943207182752
4729,0.4135141934511103
5393,0.10568959625891788
9091,0.6764784295321357
699,0.8255754334895844
3782,0.11237345721746353
8371,0.19020391510587908
7474,0.0998108609369648
5748,0.6258728012200465
1399,0.7349478421838371
7352,0.15251421263665793
5752,0.08775611032850782
7743,0.1196315465350655
6092,0.10545614103510542
4251,0.6204749097106379
8996,0.09412862489456951
6586,0.15488642963006208
7146,0.14462621259351482
7653,0.2529377283098904
6739,0.45001712539628297
2094,0.7397862104537629
2007,0.7821772566461994
4877,0.10449191849060148
5112,0.12926111181951408
9937,0.7070311941132242
4515,0.12414379838147307
4074,0.19658767757851192
816,0.27307916632443485
9879,0.3697870462627092
9300,0.2139113657042752
540,0.24059605468437933
8725,0.8177251805804208
6485,0.11620929753845598
389,0.3173691524347443
9207,0.17012600862283334
2916,0.0844151932818718
8098,0.4543277160224098
7085,0.0877641295153084
6795,0.18755857262753772
1489,0.4861355909728252
1884,0.7932380273207715
5320,0.714633912604286
4895,0.14661526406471884
7390,0.13294248158957883
4080,0.13477597580050676
9549,0.14665833553428087
4445,0.1395982777625161
4082,0.202773664594043
6317,0.6633599437220693
838,0.16463357216822094
7804,0.6477335193118452
5727,0.09014462355610087
9405,0.7504406769807956
1911,0.7025054912908986
7248,0.11597504236866335
6171,0.10173699047627799
2097,0.7825799410169099
9835,0.1042257503155679
825,0.7451582134036125
5848,0.1820420540074369
2740,0.2073701744371398
8424,0.34600570379874385
877,0.7270702156266976
4556,0.3510082041067466
1751,0.7563805482975531
6619,0.6797786851733867
163,0.1798535371415505
1545,0.2852781780758093
106,0.5803532231324736
2781,0.24647447332111916
7721,0.3879606674198861
8748,0.7965410828814335
4647,0.1317883063000117
2509,0.1283514064181877
8373,0.7827811292153312
6248,0.12281363493923256
7405,0.08939296529890094
5870,0.19859534584643818
2406,0.11429101202406772
8444,0.7958319742893669
6307,0.15281837269401272
4066,0.13680384110863034
4156,0.1491635576965833
3519,0.1370139448829594
6181,0.1351146243599038
258,0.25290459215722705
4310,0.12269795040895083
8923,0.5781151736115526
6192,0.10389048427044295
5059,0.5406152857057546
8782,0.8523082771832983
2830,0.73215396227013
948,0.8168208201534616
6401,0.12558096011233513
4584,0.1328026615491682
4827,0.12229985265140389
2086,0.7901159404760004
6206,0.10563875240824822
9352,0.17010361888863196
2079,0.8054163342438247
5745,0.11056686249025818
7461,0.2247249642155924
8573,0.682597186566071
4013,0.7874428364349821
1172,0.3557606808505113
9563,0.11979641062687896
9711,0.16031863775729552
7855,0.1158355297259614
1456,0.4694483674971726
649,0.8715621670441833
5476,0.525109574306835
7929,0.1228695718404819
4810,0.10250688099142863
3488,0.2974409315642696
6302,0.5252129909434791
4940,0.6097199017805291
5293,0.40822915004348576
9543,0.15599438289443765
4860,0.0903586963383117
6291,0.13872069730819422
4225,0.20751005245995102
4400,0.40684744954630975
7501,0.14602595611033373
9585,0.2783076457675629
1611,0.44567213510221215
3126,0.09372857300151623
8818,0.8111607020173702
5176,0.13149472115766508
802,0.19108659365831945
3508,0.15450331146389382
9177,0.2497872614268774
4410,0.2071972961795037
2402,0.15435525594727617
4948,0.09331647418465921
9122,0.340058581782485
8230,0.08620062068210914
2459,0.07587551284420674
8171,0.09095634681418563
8185,0.16942129912385165
1434,0.24571415244097394
2608,0.12176593315569269
7407,0.28009180131243494
5046,0.1694818561629027
4593,0.12701468561370316
4446,0.14675879538166547
8026,0.23617170306343616
6069,0.11020724669257068
1134,0.6594141058597149
2440,0.24431917069560294
8931,0.1173296321117213
7799,0.11726674131097739
2110,0.838606485587715
1301,0.3583932250659527
4653,0.2800229656251713
5622,0.1477517651496933
3772,0.08916188924614264
1444,0.434337902154259
3172,0.1259979838009874
2796,0.2402133717140387
7433,0.22174821658911525
4419,0.11953752133621837
8586,0.6240489569134299
427,0.17004933154703045
7256,0.19760931860854355
952,0.7889839659701046
2159,0.13750553281145553
1041,0.7421460274963932
4712,0.7471454021804322
6130,0.08096541387049534
2084,0.7729944404552166
3675,0.06840396829873038
5834,0.1382434198844245
7933,0.5321515485291614
9935,0.6444878857825347
3040,0.17127126850467486
8434,0.5888396931350895
8954,0.13151303220184468
3313,0.07658592199437761
7689,0.8034406442098976
6741,0.09480570457904959
1857,0.8118468507046017
4685,0.21496289959497522
7598,0.19094903853696799
7605,0.16882478127076186
7904,0.17443853936291104
9594,0.5064104801427415
3801,0.08159185799260135
2244,0.7807746692810335
8808,0.6361979712237212
1411,0.3736293317909812
9763,0.10992025355843019
7555,0.3576522811463751
5254,0.19778101970688022
4024,0.13624725542542318
7722,0.21077427173534835
8873,0.737405270577197
4597,0.6347803856997357
3713,0.20756145412980176
7452,0.15199350163466502
4011,0.6433802571911126
4994,0.16005765451147436
4050,0.11243899369057833
9603,0.6438784398285358
9127,0.25831097579681256
3862,0.205946894780858
2302,0.6878338741414396
2473,0.7716350126981097
3520,0.10079901198369318
5884,0.11622655773121113
9572,0.13346231942272097
7290,0.10269100997318215
574,0.16958450811586903
3232,0.09982162083671423
7747,0.11972501232547689
6537,0.1262273010968534
7531,0.14607715875172875
949,0.4016803742461051
6463,0.23642587078638413
6546,0.10671949795008973
6981,0.4880820397393143
9621,0.1903166285833773
8161,0.7249640944404854
1057,0.7320989602566486
7993,0.11592165216335935
1421,0.8063664628090512
9094,0.3264552671397509
8255,0.19102233722484072
3867,0.10578566876179109
795,0.40217628207188105
8454,0.8201342137220056
7941,0.15607932484075235
1038,0.20070776274266383
9389,0.11424809089407087
1039,0.3622399519366777
966,0.7565319436195019
5898,0.10991486920509491
9291,0.09157940579506074
7346,0.1365977347809956
4287,0.23463325698906168
7114,0.20110522650808216
4142,0.14879983337587788
4873,0.09671708409546229
3160,0.0840378198362936
1888,0.8155252351585351
9992,0.763465222625946
9411,0.12908530886201078
479,0.22407173435989813
5290,0.15380717557818846
9501,0.12224894652415522
1836,0.8665333419694454
7315,0.07788430157667192
1740,0.20544426940123695
9490,0.19045392006135808
7411,0.10411408607247458
9770,0.20001553605704542
8539,0.5888637693562363
9173,0.10428586378994098
2976,0.696445440011768
9081,0.19671171630941436
9159,0.2797557890633646
5457,0.4868139854955553
2889,0.10098465675976295
2908,0.30870707887751225
6975,0.12124738412843938
2232,0.1583173852833595
9444,0.5212663334267863
5387,0.14528057489334598
5002,0.16058134272242208
887,0.17650675850824538
9999,0.6873283474172297
2290,0.15540761599487876
4078,0.125225285995609
8043,0.13162366775865542
2204,0.14438185193295522
8433,0.7910911754553557
3037,0.09442713784450375
8936,0.17161875141407423
3734,0.1750049788647864
5982,0.1088595002991095
954,0.739494856694852
2460,0.2211875145733317
4463,0.1440382592711236
1544,0.422524681751946
9113,0.14722520959366497
606,0.18552649069780122
8507,0.1299704690208446
4043,0.17338419077720627
2993,0.19830525742415822
5012,0.5572788366245762
2273,0.09272051757115736
2985,0.5574536022229221
6849,0.6545535062985155
621,0.7289408062221302
4836,0.6910737404949455
4931,0.14088973888680734
987,0.4009698634365874
9676,0.44999599925795813
2051,0.7863199541994298
1658,0.6839765899496597
9448,0.23465856827077644
8224,0.699066704817033
7443,0.47093861034706985
8119,0.5007989473098176
1225,0.6847780180062926
1707,0.4414209453254143
5722,0.5844551255314241
2208,0.5365090211935468
925,0.5899603206342521
8008,0.5715180939013366
8992,0.26474066504502414
3316,0.4999878895056891
8898,0.768525469267364
655,0.726368103162591
2071,0.7057181050943909
2552,0.7450478231511943
2503,0.14519374275098176
4496,0.6527357887095281
1180,0.8276605241042092
2871,0.07392683601007916
2979,0.08658329913379124
1704,0.7149794225084912
2386,0.2374571650792895
3084,0.11795095210649241
16,0.2235355883991778
7156,0.09989697792079581
4585,0.23212057849600287
3811,0.4078988441354328
6816,0.11976956972516915
6274,0.11356173624331542
5737,0.5225419570925277
8120,0.10790912625851404
7926,0.2172797187991603
5084,0.1114822214459915
3585,0.45204444884322087
9304,0.4844097093714661
6988,0.1351200455283144
8451,0.7993243854240714
120,0.835183789111527
1873,0.7698189279599055
8580,0.6817585777720915
1621,0.4314713751311101
7956,0.506642707007497
3244,0.18456553775047468
4998,0.2931274716480144
1821,0.8576437155737332
6541,0.09709386849060227
3219,0.09932028684850723
4941,0.5114778917562399
2211,0.6328118229622456
9940,0.7344374184400123
1415,0.6363043307869056
1521,0.4151160011498991
9363,0.23138372938782462
2850,0.10568181757010814
7668,0.2223633575011765
1902,0.8839722972961616
4473,0.18947822625324975
2299,0.23919796361273407
5418,0.11138144706726995
7064,0.1055743026981875
2140,0.5280476126237459
5860,0.14689223958542963
5981,0.23117255121121127
3996,0.1082914721488111
367,0.7614753816411787
6655,0.19138978545458546
9581,0.08098013251576747
2036,0.7962012914826522
5630,0.29673607267093305
5749,0.7216051082374482
7596,0.17975047610423403
4292,0.5061852342348796
3186,0.1399707077881482
603,0.4486708160234326
1129,0.39695077458933087
3776,0.6501189005009257
5336,0.26954989124262435
5902,0.11593875370185515
8738,0.7627756527663825
6189,0.13711656130621747
7964,0.07354224401223881
455,0.2666382570161954
4012,0.10940785445284497
5867,0.11756130530230895
3591,0.13298739920376854
9674,0.37654883058570554
1841,0.8160503730299017
5083,0.10500962013877474
7571,0.3923325690479671
3159,0.797111929116614
2270,0.5269037583863772
7691,0.10566306561920386
928,0.7522528187660922
3913,0.5252550082317815
697,0.6888402520411272
7490,0.2118317735005187
8926,0.2263723366199318
2840,0.11620976179934105
7639,0.39760094217820796
4935,0.08702569256344181
7376,0.15777454022382642
3954,0.18663400157181692
8528,0.6698426523131105
5342,0.13393344728254958
4912,0.4968015803552173
5582,0.1298398524010904
9406,0.1653799480288742
141,0.45181920777900914
8999,0.7216039356772417
2491,0.12839844557433328
3325,0.12720487535657898
6168,0.13804116799265695
3184,0.09412559781528279
9302,0.11786198802294175
7963,0.14691723577502105
8081,0.2524008365083568
3285,0.10577207496393773
8865,0.1195864654326405
4932,0.7492881651850486
5237,0.46444731609392126
3877,0.6986286755472992
5224,0.2139984129720659
6449,0.19954788009878693
6536,0.12333422003480164
6688,0.10128359751156014
665,0.7451568028513734
6226,0.20470437577461967
7178,0.08253221466154109
1059,0.7607811452619774
2206,0.11830798579255368
6763,0.13256821270967045
8867,0.28997452063086593
6235,0.13426563680637874
9387,0.12209608947775763
7599,0.1427935500654319
497,0.8610566904031666
3803,0.1732676450968642
2076,0.8523241731629437
7611,0.7629426276976543
9643,0.2152106449265571
5882,0.24323325049060707
1098,0.7898908935014484
8476,0.7665213730776684
2588,0.7082492844619234
4544,0.24428528428812232
40,0.7726853836945473
3192,0.19080414132028448
42,0.537120367427475
1143,0.8061754147458866
9510,0.11489000277681462
3393,0.11660945902576453
8794,0.8285156174489856
1019,0.8168292118538757
7629,0.24143867356089319
7125,0.21786566496705023
9746,0.11622426689386595
9189,0.6984367284847187
8590,0.6627701323210976
5664,0.16924665067104264
3140,0.13643477215498762
7334,0.08431336582522282
6734,0.478076454059135
8277,0.19267596361958161
145,0.2590973800511145
7091,0.2087926914152419
5520,0.14202354682806778
132,0.6612521776047673
9023,0.28383803571644434
4119,0.2053861842810875
9446,0.1865995590145571
6315,0.18786342159817296
4312,0.07040383636718811
8138,0.1300670097347873
5680,0.17338863208468377
9274,0.07544226970745721
9114,0.6507398213714167
8810,0.6619693060257791
4614,0.2543023930353884
5571,0.21420213828038256
7004,0.33186371650194685
2803,0.13295201513574206
2800,0.12314624476061296
2417,0.17136719498404127
8711,0.7207081247951099
8115,0.6198800022869126
8749,0.7687833708787789
2006,0.8550245945753834
4708,0.20440838736104489
2843,0.06931540859138141
1967,0.762362184860526
6454,0.10116346571049586
9394,0.7639608490206242
9064,0.755781849619232
8696,0.7180321697580567
7797,0.11162554985664319
4509,0.12181660948681741
7572,0.10831313794946244
7711,0.12422005091363997
5296,0.22542479474759297
3820,0.10268979290450542
4553,0.6639406245875142
1736,0.19170629985814852
6146,0.09949920241435482
6022,0.5054424916028158
1959,0.8271624451546287
3919,0.4178139093422899
21,0.7802236270965077
8088,0.14424636781749373
8747,0.7285702541693204
3414,0.11253765667635943
6542,0.28458082496235104
4611,0.3201103768658518
6114,0.14583503426846806
8225,0.16047306898886785
1003,0.8352646840303659
6223,0.09898187213494397
7875,0.11320936560608628
4674,0.26876322429181776
3531,0.8285098389783766
8053,0.5000766672479675
6014,0.1051891152155444
4805,0.17023500039808756
7393,0.14077873070985167
7121,0.21906674713332874
8843,0.5693980911650505
9649,0.20006177738571018
2549,0.08240112631816138
9624,0.4403544070531331
2377,0.10417920508193171
1023,0.5509658545187557
4567,0.24977008368722575
9257,0.0895385247436498
4872,0.1994525247790559
9614,0.12957276650532804
3863,0.09997383847719078
4853,0.5827107946152684
5817,0.09116015893865712
1728,0.8074959497458967
7115,0.1228913033245383
1770,0.7770315444515874
9517,0.12387426210060654
3258,0.15783916757923
8368,0.1309074474754346
6236,0.6632550066823313
8625,0.6051967936864289
7149,0.16732094313931223
4335,0.12944867553206624
8049,0.6674168485797902
4003,0.4934433895813629
9960,0.15836695301274856
7839,0.0992808597431226
8023,0.1770448533038216
5452,0.13878302963364553
2263,0.11823441417920913
4185,0.5183159805755453
7406,0.14844242363437965
1069,0.7545228429961965
5827,0.20216115429169915
4880,0.0996746637561559
1758,0.7951196282995018
9457,0.1281189602409688
1450,0.17953580623801874
1365,0.8219587578414504
595,0.7332674385406878
4670,0.1657242532541771
6035,0.11243521507782475
9084,0.7687055218581572
6806,0.23087127751695335
1436,0.3258451359433365
6965,0.4885612504390878
6843,0.2640556424575545
2189,0.09830209244555378
8330,0.14702915796113944
6465,0.11875605620786761
9283,0.182759917871655
676,0.7455135567155573
6436,0.14790121766021705
9704,0.10189980063961397
2423,0.09491856192425363
1148,0.4899288407645979
5992,0.14610915308173336
6553,0.10922232589061891
5740,0.12098679702435026
5433,0.10416860800088673
5766,0.1360674965572201
8317,0.10316989103710918
2275,0.6218141600508938
3942,0.6115146168855307
9397,0.5313762533945032
8363,0.11963309376205762
3226,0.781864582328232
9790,0.19137655072538134
1741,0.212815523058207
2832,0.11554247558140912
8560,0.8016279552748423
1810,0.8136692749300588
3489,0.13935069886897505
7953,0.5918164752249778
664,0.8617982847428638
3671,0.8024173115685105
9254,0.3553780005021956
9547,0.6746698736757006
7224,0.12508783126450987
5404,0.7834353688195086
5583,0.12403561797742475
8661,0.6495102035421034
9058,0.7657561764745512
7858,0.13222599675470834
9440,0.206284481577505
8607,0.6225673991900674
5995,0.12366351222662147
985,0.7905086086461703
922,0.6420966304068718
160,0.14963877230637918
9333,0.13031696247358457
4628,0.13448624877202275
4455,0.11322794774454291
8714,0.7526841520133519
1344,0.19401699275158454
3950,0.1019167628993997
4057,0.1259758804166251
1800,0.4163127905089367
1928,0.8115247777651788
9227,0.31142013102450466
8840,0.702070078367171
3558,0.08330622276231482
5013,0.13866836541617852
5478,0.13739924356597255
8614,0.6934515874339608
9665,0.5198355812358678
9318,0.12839474336670592
7545,0.12779575465791615
6851,0.17237686665943575
492,0.39816582527156447
5494,0.202290269639693
3893,0.11607516691643428
35,0.7649704968133756
5638,0.13468395962671173
5306,0.28410872635360307
1563,0.42723683688448905
5926,0.3246570402335451
7419,0.23590047666032055
20,0.6663843225491811
1270,0.788945712615308
2026,0.7917041812960641
5339,0.7916864377544025
8972,0.10746351019145177
9217,0.8199563184687044
4412,0.17563080423462585
6601,0.13278378577915137
4577,0.16536164438870513
8126,0.2578391815949098
9555,0.15559951407631994
2511,0.09753975744026663
4882,0.17314881945145755
6459,0.13926964189070964
7768,0.12970954076243035
9097,0.13059502840138412
4282,0.13470449534471138
1071,0.7966363575656992
3295,0.0962081064511615
4265,0.2139850351470448
1435,0.5117851002850338
8409,0.6861298401160654
6039,0.10704849595252336
5758,0.5709563846599678
7602,0.08929268006303889
2569,0.24062336947092047
10,0.3521244153058347
8556,0.6770267586245771
5023,0.13097137640862833
3625,0.15731831069971008
5531,0.24067873868774836
8349,0.14106957291549216
1317,0.3985629182554359
7849,0.11949193163770506
5635,0.09793525029745077
4917,0.06786225082454432
8268,0.21142636367704493
7713,0.10396875282164338
8296,0.11448822790694702
5983,0.10817950834807119
9794,0.28599538899581517
379,0.8211797108274935
4047,0.07518482304735616
9698,0.15328163407305373
6613,0.16768039959012573
7758,0.1040835013979641
5685,0.0992421134140793
7724,0.1986199579284214
3977,0.1255314023776446
4210,0.07944105285906929
5742,0.1094802307168509
5736,0.2389651842306978
4516,0.5948618654994806
3777,0.6314298910474471
1912,0.6602277652945445
8176,0.11070234974000262
9216,0.17201711691599447
7548,0.09520713269152838
8187,0.08300685220572222
5340,0.576085174272566
6583,0.13595332282284248
46,0.23896354866074715
1410,0.25781457834296373
4659,0.08302288852090656
9478,0.13706947027105207
3978,0.11784483814298603
9044,0.7332066116692071
3816,0.15722214855043465
2372,0.14044392734595335
2536,0.14322137765774393
2055,0.8560216972158714
3635,0.11853993385657668
9236,0.15709994847708536
5109,0.18128204397309733
6477,0.46030633217131456
5556,0.10756798343535662
2181,0.1366983086266335
8673,0.5752380601943821
5019,0.7603955200265957
5535,0.11858842567550493
3900,0.12381172362321546
9230,0.7779447059800434
7911,0.5302113537489511
9427,0.1168508122991967
3310,0.12923466624524138
4216,0.1000520977999367
8339,0.5848781275797863
2011,0.8037514159763792
7320,0.11393984901744345
5239,0.11827360272450431
872,0.31744639922494566
9584,0.43336001659232015
4209,0.7413259525039693
1854,0.4485018202016709
2378,0.7922856749031923
179,0.18127520965337726
9429,0.11714655545088085
3469,0.631856837910882
4042,0.4682834165046048
9407,0.11752415740398003
9214,0.27578699731249384
4258,0.3671454231913948
6478,0.24368831825459317
4768,0.42298948843341044
3377,0.587765622862394
6991,0.1437718039403363
6834,0.09494082567715807
6102,0.11431697454020424
3937,0.6653107957116973
9098,0.6837189125346309
1913,0.850957381882144
6858,0.4626360257615659
100,0.68223026394585
6344,0.0952561328339922
8517,0.39523417357074675
1234,0.2726143666691693
9049,0.5981929513579854
4640,0.21061758304124728
1383,0.7648509414750376
1285,0.6874941236435804
6339,0.5407203804501646
7943,0.7339789083042356
1766,0.8361409508895369
4307,0.10361510653731305
168,0.7185062313437895
7734,0.15640868156163848
623,0.43443680232305387
7897,0.09367652656468844
8623,0.6561730499593964
5989,0.12921526685666962
7788,0.2117898531493572
6422,0.16165671527117384
5705,0.12622162688925997
9455,0.24682949105067514
3005,0.12315681379189443
5837,0.09596585128908942
3499,0.138125392562895
1989,0.8255070271869166
143,0.7526399920011434
9922,0.4196475600149762
7329,0.32127829648443984
878,0.7520193228981729
7446,0.07617507652741878
8538,0.5585174235500974
9418,0.08840618141027605
7767,0.5762004319337847
3181,0.7089761594616327
7805,0.5394436491875937
7473,0.13730804200568691
1407,0.801342638757077
4554,0.11272822389736722
8518,0.5068904186127393
5105,0.14379171782306754
1236,0.27968580798486736
9675,0.11236367829150644
8700,0.8051665415928482
9054,0.21189434829259945
3696,0.10149782261667181
3155,0.0986501689622872
8009,0.19052377188710556
9211,0.24059667611881222
7990,0.6647086431793678
7099,0.13975345147513235
5652,0.22381852581040226
8251,0.22507698191397735
38,0.7801503691733527
3968,0.10604930326265032
4835,0.6417560939498729
1874,0.8200989804002987
4696,0.30337061311781377
3436,0.1074057048208722
5690,0.5669731698191949
4784,0.793398214972217
5251,0.24882651955435786
3607,0.13850654752991864
4244,0.6412375839846368
994,0.6940569746272457
4235,0.12756119087824225
3003,0.09212638539411579
3751,0.1310306142140939
857,0.4288905938469499
6745,0.09666656680619579
4558,0.22515670961011403
3498,0.15926418199356387
544,0.4960797614728915
3771,0.7816374437027386
2346,0.26232916345222373
4679,0.2661146745076464
2799,0.13321341241257081
3300,0.7397150987498873
4759,0.38001360817953306
8307,0.17203426962810547
5942,0.1522990329489312
5573,0.15973304132846175
8860,0.1475304323538151
6354,0.1207118663438746
6199,0.10284021385360291
1379,0.8377468410805987
6897,0.22773437043131775
276,0.38633223844314707
6342,0.10786561386137473
6368,0.09978417221320075
8814,0.7095689847482217
2866,0.07241982850578974
8462,0.7382438240122545
9144,0.7316835413874532
7083,0.12143592880538806
4159,0.28292180398389033
791,0.7875813556633746
8716,0.777459630942457
7366,0.18273977538788938
8338,0.7565625396067007
89,0.8017895640354603
7506,0.15072516656271198
8266,0.7370605739558639
2361,0.7321904284669567
3564,0.17790194972233994
7812,0.10204029743688497
8775,0.8332307527350861
2787,0.16992246775361558
9880,0.2047809739276748
7130,0.21154619498017788
6587,0.10846434571223947
176,0.28630347822868724
5624,0.10454955235458613
2021,0.7534449490632169
7467,0.2377040980489386
8112,0.5658386588857534
2133,0.7860869408422676
5513,0.13499167850996888
8413,0.7972785117300316
1017,0.1855621164760651
421,0.28648729756108443
6874,0.08938112000247363
1036,0.6883468301535621
6987,0.23278800039397327
8170,0.20217735036886073
9876,0.1029036623166284
1670,0.7878656245247777
6644,0.1308675983728684
7585,0.1557380577212688
3191,0.13995999437373094
4725,0.3955174846791684
1118,0.795919487042301
748,0.769452077915413
4622,0.14390897282253087
4733,0.20664860232165572
6012,0.10173754913615339
6778,0.10645803695468492
5122,0.1433513520023411
270,0.7265470995768033
6212,0.19786476541147158
4188,0.14220131932421276
8595,0.5928103668855428
3909,0.11115468885202683
9721,0.0941489335929669
7524,0.11217237765468206
9458,0.159494298780261
1165,0.5343693702306694
7718,0.1206583355961211
9371,0.5181921502615978
9753,0.19960316032902548
2310,0.5201852957023526
8202,0.1534997794866687
3514,0.666139344807916
6078,0.09208344814621655
1005,0.39721659376624996
2432,0.2701549665482079
6632,0.5490457374647231
4542,0.5404618234938564
9619,0.25998171971003364
8141,0.1293917372117003
9096,0.09125826453166791
6388,0.17776269432104463
2812,0.285229253717487
2929,0.2369388704534776
909,0.17975329154814612
894,0.3647126721644751
6578,0.14604557752761382
4971,0.12239587772906874
8766,0.12431115889408817
4938,0.12702326794391466
5227,0.1366798304717448
8893,0.4072575626773506
2436,0.15425548318893767
6832,0.19459207041348442
3336,0.20949290289855918
173,0.7947547748923921
7573,0.08471432940431349
434,0.27524893519766186
3620,0.12682492706622556
9441,0.6709214137109131
9476,0.340381082803216
7266,0.11292192956907332
4995,0.6170373390103452
7515,0.29997706133014046
2858,0.26687562713609314
9219,0.37598740430295036
4023,0.158064405861431
4468,0.5783129778902631
8379,0.07453482340824814
2531,0.13369622856448832
316,0.28192007164162625
7840,0.24309641403676896
1679,0.7790968682593132
7201,0.2127844350670739
9592,0.14117466940749146
1511,0.301799080000051
6494,0.09151475101573325
405,0.6585295467370764
7342,0.17635060762020557
3810,0.12933048710502307
5928,0.11206044314794283
4618,0.6066546638324092
1982,0.7585509271219902
9370,0.18992731886044045
1470,0.6683745038258685
3426,0.13508123531981445
1282,0.2673136552422866
6953,0.14725012197395315
6091,0.19024906163298697
6483,0.12147037163007846
6692,0.0957349349323758
6800,0.10000228892712534
8567,0.6658022834623792
789,0.2613369131242873
5516,0.1572104649052987
7195,0.15430258941839997
5356,0.7259400579923128
4353,0.0922641755800556
3718,0.16883642294754309
7717,0.0817177883353272
6252,0.25846401873362024
9741,0.24741260829045986
598,0.7214201910983028
538,0.25590569651006967
4366,0.15559455452310259
9402,0.5315556362108489
5699,0.12448413921015337
8482,0.7913232466196027
8423,0.7499703713171416
7847,0.20489218986294241
841,0.46750702331342686
2005,0.8044715263590418
8470,0.7028206077347903
8280,0.08207009616870234
9107,0.2191346105151749
5532,0.5806599449711607
8983,0.7541823215104749
3000,0.6006521229096857
4423,0.2095247058972633
1351,0.4209346093583581
5415,0.09615064120101742
6549,0.12766392553202746
1922,0.7259213300411668
3789,0.2348980157780861
6334,0.08242200493236382
4561,0.1288752929239158
7059,0.34609450410036163
1294,0.825421936549867
7504,0.16369857515355776
1749,0.8383591062722322
4191,0.16628280121102326
6160,0.5342041900700569
6918,0.5150467231676085
2576,0.351969660471191
1110,0.413623370066858
78,0.2641324355468224
2961,0.12327065179424365
7066,0.14995080670683977
695,0.17700961862170994
9073,0.09469408921512051
1146,0.8424263831341943
1458,0.7747433576929139
9349,0.08233675444090476
6333,0.2059961997591901
6032,0.07300255980725547
9311,0.5396004858500453
9019,0.24016570423184147
1491,0.5316721483409937
4123,0.19807697149691506
8002,0.8126924641563747
4996,0.15014804119980069
3319,0.08952840386626028
4898,0.11347467127809918
4605,0.12353033431994692
764,0.8728884141323766
5045,0.7208613499142287
4907,0.6255339678299068
1962,0.8352965619956478
4358,0.17295985855375712
5267,0.6755880750934177
6338,0.19064882143846484
4511,0.07061163454145743
5515,0.574216479412501
8998,0.5141460628301834
6140,0.2144984584865036
230,0.20672816109189285
4213,0.0843844055929673
400,0.437117914753945
5777,0.08376730637371993
7299,0.2219491592889261
8991,0.09414998444802605
36,0.8016124720969048
5079,0.17007487858562936
2480,0.3073570193018726
247,0.2776828744221182
9119,0.4521505634327233
1684,0.7690477203767834
6989,0.21050846439391543
4367,0.5959260491149778
8988,0.3194183096843891
4275,0.1186752024715819
5536,0.08181457438506264
3378,0.14454206284084312
3233,0.2027985961643798
7369,0.09880013354022517
5802,0.13098546086587212
2498,0.12305864651343823
6551,0.07672201229669909
9001,0.09416467303488131
6878,0.14085228538823996
8114,0.10491703137713854
7223,0.287662872795152
3216,0.09720563657113361
7280,0.1264612139613693
8847,0.12558862520010214
5820,0.19684478653006565
8261,0.12386608524215342
9671,0.21489966415361733
8622,0.7136490902525013
2877,0.19312978002789774
4728,0.2682714217833402
3359,0.09008927822895735
3418,0.12366203457279666
7633,0.20945689636334497
5363,0.7937460313078891
3150,0.38730525189531667
2802,0.33889742097603703
6138,0.0803153625098195
6522,0.17351168687124086
2355,0.18484951007498443
1562,0.44944728516137605
1905,0.622318351610115
3785,0.08593548720149058
6029,0.5972724942883292
5207,0.7095802047730477
8076,0.1235834945100381
9221,0.14228019743390846
6362,0.1328523893047845
5481,0.19141767822963812
9029,0.5150625306656527
9368,0.35553067127458177
252,0.18099938480086722
1677,0.7565814208378943
5378,0.26462457863488315
5364,0.7457487895300824
6462,0.0995846006557019
216,0.6543718781160859
1645,0.5143975726584166
415,0.33539379903209515
2829,0.13964411342688127
5892,0.1992017223814625
6685,0.11927494209278416
6914,0.19436286554839796
1352,0.16434202430842493
3072,0.382604432589496
3515,0.16825355834092898
9392,0.5166549148985532
6475,0.10726696298765301
5123,0.07608962295193417
3082,0.12815922049690348
916,0.28712644051518255
4702,0.102464153098042
6073,0.21228965201334293
6366,0.41518268387046686
9616,0.13133743920445992
5204,0.1096247405652318
7746,0.23727059581218868
8467,0.6091599100307246
7786,0.18780597235833954
6311,0.1673544140824473
9,0.7616439073900333
4143,0.11280034494513323
7089,0.13745722722547477
817,0.3705622463099305
9970,0.7944329147880658
2875,0.07478776333138064
4689,0.17900005474563718
7190,0.5398098061501613
6860,0.7972384616317298
7856,0.1122783760250891
7113,0.09106978558762936
2953,0.5939812335251489
3677,0.4502014069182544
54,0.7663989541806957
8613,0.4756473201208431
3834,0.5407636041929101
28,0.524322207354959
6740,0.10763933542992303
7692,0.1393188627172609
7048,0.13616010730557399
1153,0.7821932352124816
1739,0.81673867171633
3798,0.13472748162859113
4879,0.11787292072172535
7700,0.2013037246601072
8056,0.20583133014736693
5900,0.1372343648004409
9495,0.09669491517189509
3229,0.07899503910889086
7980,0.1240759517215572
2019,0.8573871125990556
4592,0.6421188103579791
5819,0.07705560258595294
6903,0.2045599309279276
5242,0.11750924070890051
8506,0.5385479145931716
3814,0.1463317302768882
3253,0.776558280032566
9907,0.17007493679826638
6676,0.8325274575078725
9511,0.13932003981468172
774,0.863003420950427
7984,0.11412102501484298
9943,0.7050436353828853
5032,0.17623471155678233
4447,0.5955874405270429
5273,0.14796372296475577
9350,0.12739080061556926
6424,0.1160789862620485
3688,0.2134608230629011
4508,0.12710498894064756
3551,0.6357251254449013
4437,0.18099811941682237
4846,0.5587250126800589
605,0.7951614821748102
292,0.25684120110558734
4083,0.223609185454738
265,0.7578307214084931
2010,0.8155132353827652
6961,0.4614452482681334
7832,0.25441876111228967
8287,0.18497797766829313
2913,0.6900467891155446
1584,0.2809717460834458
3483,0.5014021647500644
6065,0.08510880699412443
3898,0.6305094769103664
3821,0.1222713760542654
3199,0.2753974972311368
9559,0.516634416215913
5958,0.20299000125348055
9364,0.105358813593005
5922,0.23538727825469075
818,0.22419054276579947
9608,0.27608313813574586
4681,0.7647996364818945
3068,0.8017464600558674
9622,0.28403991925031846
9315,0.6415422728299095
9317,0.1018134936372434
2023,0.8116321901840862
5654,0.11605241519359812
6683,0.1039320325558313
9252,0.7251923224265658
9609,0.5788272651038437
2998,0.17744137371389443
6669,0.09159302278838041
5890,0.11127180042888939
9186,0.1574075130609573
4939,0.21346966817321103
1357,0.3242565469443662
2180,0.08940543634432396
2484,0.22252926399683512
2586,0.17814454883738506
1682,0.11356654382566757
4977,0.1861227708453683
590,0.7693030114681148
2938,0.7026905930489566
5789,0.7013990264964679
4321,0.7742905257526638
1175,0.6869092195225163
8455,0.8150960844397854
7101,0.1159190492419872
4915,0.11479299524712056
7388,0.6557986272362877
3879,0.22437401436468374
8092,0.43106537921184396
9071,0.7070123942955385
2249,0.2454113708887962
5746,0.09584421515012943
7253,0.2541955130925124
7888,0.10329703023778515
3659,0.11855327453834691
5358,0.17528920234793333
9086,0.2227221348276323
8392,0.7629101132774987
8906,0.5526582005598435
1808,0.8508452202516936
8680,0.4853043824602303
5895,0.16193710735486666
6701,0.13261465038769335
812,0.6638219332339395
5569,0.12062806223583333
5305,0.6960333791942643
7404,0.24886493359051412
7385,0.12145223916677894
5377,0.28120050025109855
4600,0.32281963468220765
2526,0.8020312438613761
2779,0.08038263221947471
6901,0.708126538240078
3301,0.0675730044913244
2681,0.2693995567469034
8917,0.12369473718952456
6677,0.8294564235342365
1578,0.8218080831543515
4578,0.1405524075661937
9150,0.6803713957496547
8438,0.8152348000697462
2572,0.07414058282039507
9869,0.6626711614080971
7516,0.1458082354196904
2563,0.09690496306136494
2700,0.2218756863259744
2567,0.11166440124508142
3114,0.20352994433150443
5876,0.215029335315719
3078,0.24548454810866874
1131,0.7662093792705098
8616,0.5918813015630312
8522,0.22737453982245015
2622,0.2188480493044701
6173,0.5774110701875937
3456,0.08852373438140602
9454,0.10041689897540623
6579,0.10706871129399864
865,0.3004881151499209
7154,0.12670915144650538
7908,0.13728850971821363
2940,0.07023501531496744
907,0.13716639125278574
9265,0.23305309071999072
5793,0.15389971851083253
1921,0.8240950882225527
8348,0.10527337117787648
1117,0.5092115745499064
4847,0.11437153665109395
3533,0.20933951404952889
8181,0.1157632093920595
2688,0.23447407633304668
5910,0.13172187409267433
1394,0.7614232305280997
5447,0.6373071637476995
6443,0.21739394633373396
567,0.28439136241697754
8103,0.16162927913359773
3567,0.1396332040384921
1056,0.15663377743269186
8950,0.1274282530302161
2407,0.13857978972517848
7673,0.09429793372156235
8011,0.09876587218158238
4884,0.2081471507529358
8968,0.20999668417911121
201,0.3804618027236479
1894,0.6169639308148838
4946,0.5503749509666925
1708,0.745844522401049
1124,0.8370610623756786
4076,0.2508073022737914
927,0.20043321229560357
288,0.8143394557900542
6597,0.09885292613624495
1163,0.8161409140639271
2139,0.7900390340011827
6706,0.4705324521541874
180,0.6349531969916788
3526,0.10748223321867259
4520,0.6680024699925138
9928,0.521445973849846
7697,0.0814455987383076
7395,0.09971077390673838
5166,0.1189879915038617
711,0.7666251859156563
1002,0.3405017916808054
9534,0.20146475500466493
8229,0.5161785552989295
399,0.3291247097079635
221,0.2874207487977131
1788,0.22966375146916404
8313,0.4858264699365786
104,0.6235169060457183
2003,0.7748234183072599
4625,0.4004281494462345
4892,0.48809161202616635
2292,0.14909830848425687
1095,0.7884583264752274
9103,0.6442781671580983
7815,0.26474094486971356
503,0.5333915776738231
6409,0.10235285497413152
5723,0.12195407390741801
8836,0.7190848306500294
3261,0.18624711217191875
4346,0.47226464211048086
7032,0.1387041319819243
935,0.2623197216700845
618,0.25001583360601787
8557,0.5650052904816755
7958,0.10576057712109056
3887,0.6949628917621397
60,0.2718496261677902
1490,0.4755509507359933
4371,0.14803494444157253
4878,0.7236885785498448
8145,0.1211493938847541
8759,0.7605347335421916
8425,0.3021095707646168
8908,0.19885755617007678
5510,0.6130517780830754
3555,0.45890827276992446
8612,0.5922409366773895
456,0.28544812503698846
686,0.6636301175040686
8376,0.8053329186275502
275,0.885037002228864
4440,0.15121523042845855
5944,0.2181906265433391
360,0.8396048282417189
9830,0.10203297965166341
933,0.608587344217524
2301,0.258014877076667
2725,0.14919120417768564
4434,0.1044167861473684
5244,0.7873533695225532
8768,0.45433226787156716
9145,0.34493387959332034
712,0.5979700737801424
9634,0.8122028053429254
7230,0.2603913651022783
8943,0.22068551151705748
5036,0.4190900971054086
1251,0.8078312397290083
807,0.7423413641515897
8191,0.14880613696753212
2896,0.1289383502935556
7566,0.13637242859707674
1343,0.46541245629465
8929,0.43360061683312723
9451,0.08385805953482046
7526,0.12313590353177567
264,0.7928844002427664
5871,0.28471238856498565
6280,0.10680850062930805
1403,0.651140205301777
8888,0.17994386560785888
9788,0.25006599364222426
1203,0.17851488250933423
3562,0.7023454611156902
1414,0.2769332915976173
2239,0.27927045560760133
4373,0.1961788535679206
9474,0.45900459225397305
741,0.8099781709806941
3791,0.09843398574611092
5971,0.19399600135515602
3638,0.08278763345246824
7857,0.1235279860710507
2943,0.2504529838059232
4344,0.09069232536639521
8257,0.22017381744365605
4452,0.1528781416442405
7141,0.12486905466495782
5301,0.7408642630407175
3528,0.10440204529426826
577,0.3626109515550894
2709,0.2214704519935552
2245,0.2878392055552926
1376,0.12838748654241672
5284,0.22772738664066608
1280,0.165722450283494
4148,0.6392446008169077
3059,0.2725587204310559
8921,0.11791294721331669
55,0.24429964597912537
5135,0.12233933003810885
4517,0.7722550020091601
6877,0.47200583756272046
4771,0.1528930796727993
1468,0.35029758548547896
7303,0.1430395726229029
1777,0.19145351443140446
7777,0.19035934836436122
584,0.14597482693729769
7762,0.12069503626130633
6750,0.10025718331272526
7325,0.1518662643488261
7896,0.12055695078550409
284,0.7431655679449783
8549,0.597715188881371
3296,0.7719854303334466
9755,0.11252111099321617
144,0.36554501257131194
2609,0.21801655379544943
8620,0.7394926279014459
9669,0.20297617956112032
5626,0.22843594199491374
3430,0.11006178697688708
3652,0.11221176210030685
9055,0.15070130749818575
6791,0.11728570647224659
4034,0.5415179036947004
2445,0.08532822216717575
7180,0.1492492623396662
3617,0.20831660263379215
6881,0.23838299370541374
418,0.8112633504208332
8903,0.2650671693700375
8806,0.5863808159351582
9102,0.7621785601867139
2246,0.40616521858136645
290,0.8229619798565913
3104,0.1002232903851035
7775,0.22292465742081977
4000,0.481005393207561
8866,0.1161739665929747
4320,0.1314419930140399
8892,0.091464999992324
8359,0.7380479813693066
9238,0.14276142770276376
997,0.717920240915356
3167,0.6343071216714391
7922,0.19254494653373982
1445,0.5524118017222542
5589,0.0975670664412376
296,0.13694000015868993
7082,0.1717405195650343
6524,0.16806656541878218
8227,0.5137645927180127
9345,0.12289478893309523
1825,0.8212076385626865
1311,0.319023346693342
300,0.24213348298119441
770,0.7970199181864468
4,0.2836167969546097
7546,0.6930375143391458
8513,0.2506641699246403
926,0.7313385156931927
325,0.5077836610424881
5830,0.2890607570701919
7035,0.18173652324748063
2441,0.12102844022201628
7179,0.18713887202950527
9599,0.5524842522444623
9533,0.4335534364316426
6103,0.08856668559398573
8879,0.0966964074891589
7665,0.6228393031180004
4850,0.5770134776946373
989,0.7054104266324371
2868,0.10865445101177912
9994,0.7500360957516672
8090,0.2790347204374643
5357,0.13643198813119742
896,0.37156394662276615
6165,0.12287203255283104
3932,0.6028697953164921
251,0.5954866928665669
8133,0.4008645330287248
3727,0.1362222286466347
2061,0.7070550006684931
2690,0.12816337175582904
5463,0.3718980469116058
7983,0.7823054816303231
1785,0.2898496018719172
2115,0.8278959668443397
586,0.1800453577665355
3818,0.20666120188987142
256,0.3838151502803005
727,0.2356234681878765
4126,0.5885749490588092
6709,0.5916159523665434
4803,0.23129855977744518
7449,0.22849373509834242
8626,0.7155861289817862
6151,0.0761778530332271
7161,0.10189466982366514
4512,0.13267039086544116
2977,0.1266586927363615
2790,0.5926039144641442
1954,0.7240227156717007
9904,0.10234361539403873
8005,0.27693162932460613
6735,0.20768870241709056
7278,0.5764534581531802
4732,0.56112917383394
5052,0.7164593608867729
1869,0.8282944949861839
6204,0.1520377542198061
4182,0.533489556131841
9074,0.43401207242594825
9294,0.1342695155190854
7122,0.1294262199884287
2823,0.3358143678216929
3467,0.5529939607194095
7056,0.18705211504930755
4421,0.12528529538376812
5258,0.22499559704881003
4161,0.2131876188222428
8715,0.8095459659233798
863,0.2879207445092338
1350,0.5007373968707839
446,0.3863884782195826
2353,0.18354441905787183
5581,0.290745851365901
2156,0.3124751652915929
4207,0.1091803748841716
7399,0.09216605956563255
792,0.378467291831221
7688,0.19143270431540532
5986,0.20670786747446682
2512,0.15272110635843486
3403,0.1637368460509634
277,0.31714429671819383
4624,0.36471645672115716
8305,0.19895281863123224
6904,0.24974795019191318
9426,0.08881868777097289
1941,0.8538490157534236
1115,0.49422083797367505
4009,0.1012980014243668
8134,0.14237639992049847
7772,0.4316138527801529
4580,0.13529151348115392
8256,0.13684225732687336
6300,0.09051624865792317
2288,0.16205193606318496
5541,0.09942958412164091
9259,0.20143344831207466
3477,0.08032737635383531
6406,0.23723234575814736
